Industry_Date;Inception date;ClassID;ClassName;ClassCurrency;FundID;FundName;ProviderID;ProviderName;ProviderSAM;CategoryCode;CategoryName;FamilyID;FamilyName;sCountryDomicilieId;FundCurrency;sCountrySaleID;CountryDesignation;Index;PeerGroup;bPensionPlan;FirstPeerGroup;CommonPGProvider;FeeManagementValue;FeeManagementFecha;FeeTERValue;FeeTERFecha;FeeOCGValue;FeeOCGValue;FeeKiidOCGValue;FeeKiidOCGFecha;FeePerformanceValue;Periodo;PatrimLocal;PatrimLocalPA;PatrimEuro;PatrimEuroPA;NetFlowsLocal;NetFlowsEuro;ClassNAV;GrossReturn_BMK;GrossReturn_MF;Rank_MF;FundNumber_MF;Ptcl_MF;GrossReturn_DC;Rank_DC;FundNumber_DC;Ptcl_DC
2019-06-04;;1852;VISION MONEY MARKET-100;CLP;5293;VISION MONEY MARKET;5;Principal AGF;0;1833;RF Nacional < 90;MM;Money Market;Chile;CLP;Chile;Chile;0;;0;0;1;0.0061495703;2019-06-04;;;;;;;;MTD;2497941674.0;;3188336.2361166165;;;;32468.2516;;0.0003954373;4;44;7;0.0003281512;38;182;21
2019-06-04;;1852;VISION MONEY MARKET-100;CLP;5293;VISION MONEY MARKET;5;Principal AGF;0;1833;RF Nacional < 90;MM;Money Market;Chile;CLP;Chile;Chile;0;;0;0;1;0.0061495703;2019-06-04;;;;;;;;3M;2497941674.0;;3188336.2361166165;;;;32468.2516;;0.0069696527;2;44;3;0.0058364207;19;182;10
2019-06-04;;1852;VISION MONEY MARKET-100;CLP;5293;VISION MONEY MARKET;5;Principal AGF;0;1833;RF Nacional < 90;MM;Money Market;Chile;CLP;Chile;Chile;0;;0;0;1;0.0061495703;2019-06-04;;;;;;;;6M;2497941674.0;;3188336.2361166165;;;;32468.2516;;0.0150933617;4;44;7;0.0124554;37;176;21
2019-06-04;;1852;VISION MONEY MARKET-100;CLP;5293;VISION MONEY MARKET;5;Principal AGF;0;1833;RF Nacional < 90;MM;Money Market;Chile;CLP;Chile;Chile;0;;0;0;1;0.0061495703;2019-06-04;;;;;;;;YTD;2497941674.0;;3188336.2361166165;;;;32468.2516;;0.0150933617;4;44;7;0.0124554;37;176;21
2019-06-04;;1852;VISION MONEY MARKET-100;CLP;5293;VISION MONEY MARKET;5;Principal AGF;0;1833;RF Nacional < 90;MM;Money Market;Chile;CLP;Chile;Chile;0;;0;0;1;0.0061495703;2019-06-04;;;;;;;;1Y;2497941674.0;;3188336.2361166165;;;;32468.2516;;0.0331682105;4;44;7;0.0268562058;41;162;25
2019-06-11;;1852;VISION MONEY MARKET-100;CLP;5293;VISION MONEY MARKET;5;Principal AGF;0;1833;RF Nacional < 90;MM;Money Market;Chile;CLP;Chile;Chile;0;;0;0;1;0.0061520235;2019-06-11;;;;;;;;MTD;2016176948.0;;2571751.5005910653;;;;32502.4178;;0.0015662116;3;44;5;0.0013807921;16;182;9
2019-06-11;;1852;VISION MONEY MARKET-100;CLP;5293;VISION MONEY MARKET;5;Principal AGF;0;1833;RF Nacional < 90;MM;Money Market;Chile;CLP;Chile;Chile;0;;0;0;1;0.0061520235;2019-06-11;;;;;;;;3M;2016176948.0;;2571751.5005910653;;;;32502.4178;;0.0081481209;3;44;5;0.006894858;18;182;10
2019-06-11;;1852;VISION MONEY MARKET-100;CLP;5293;VISION MONEY MARKET;5;Principal AGF;0;1833;RF Nacional < 90;MM;Money Market;Chile;CLP;Chile;Chile;0;;0;0;1;0.0061520235;2019-06-11;;;;;;;;6M;2016176948.0;;2571751.5005910653;;;;32502.4178;;0.0162813371;4;44;7;0.0135208024;36;176;20
2019-06-11;;1852;VISION MONEY MARKET-100;CLP;5293;VISION MONEY MARKET;5;Principal AGF;0;1833;RF Nacional < 90;MM;Money Market;Chile;CLP;Chile;Chile;0;;0;0;1;0.0061520235;2019-06-11;;;;;;;;YTD;2016176948.0;;2571751.5005910653;;;;32502.4178;;0.0162813371;4;44;7;0.0135208024;36;176;20
2019-06-11;;1852;VISION MONEY MARKET-100;CLP;5293;VISION MONEY MARKET;5;Principal AGF;0;1833;RF Nacional < 90;MM;Money Market;Chile;CLP;Chile;Chile;0;;0;0;1;0.0061520235;2019-06-11;;;;;;;;1Y;2016176948.0;;2571751.5005910653;;;;32502.4178;;0.0337665104;5;44;10;0.0274520422;42;163;26
2019-06-04;;1853;VISION MONEY MARKET-B;CLP;5293;VISION MONEY MARKET;5;Principal AGF;0;1833;RF Nacional < 90;MM;Money Market;Chile;CLP;Chile;Chile;0;;0;0;1;0.0111786469;2019-06-04;;;;;;;;MTD;2775809604.0;;3543002.799909937;;;;1329.6596;;0.0003954373;4;44;7;0.0002727758;100;182;55
2019-06-04;;1853;VISION MONEY MARKET-B;CLP;5293;VISION MONEY MARKET;5;Principal AGF;0;1833;RF Nacional < 90;MM;Money Market;Chile;CLP;Chile;Chile;0;;0;0;1;0.0111786469;2019-06-04;;;;;;;;3M;2775809604.0;;3543002.799909937;;;;1329.6596;;0.0069696527;2;44;3;0.0049042814;81;182;45
2019-06-04;;1853;VISION MONEY MARKET-B;CLP;5293;VISION MONEY MARKET;5;Principal AGF;0;1833;RF Nacional < 90;MM;Money Market;Chile;CLP;Chile;Chile;0;;0;0;1;0.0111786469;2019-06-04;;;;;;;;6M;2775809604.0;;3543002.799909937;;;;1329.6596;;0.0150933617;4;44;7;0.0102864371;107;176;61
2019-06-04;;1853;VISION MONEY MARKET-B;CLP;5293;VISION MONEY MARKET;5;Principal AGF;0;1833;RF Nacional < 90;MM;Money Market;Chile;CLP;Chile;Chile;0;;0;0;1;0.0111786469;2019-06-04;;;;;;;;YTD;2775809604.0;;3543002.799909937;;;;1329.6596;;0.0150933617;4;44;7;0.0102864371;107;176;61
2019-06-04;;1853;VISION MONEY MARKET-B;CLP;5293;VISION MONEY MARKET;5;Principal AGF;0;1833;RF Nacional < 90;MM;Money Market;Chile;CLP;Chile;Chile;0;;0;0;1;0.0111786469;2019-06-04;;;;;;;;1Y;2775809604.0;;3543002.799909937;;;;1329.6596;;0.0331682105;4;44;7;0.0216838371;102;162;63
2019-06-11;;1853;VISION MONEY MARKET-B;CLP;5293;VISION MONEY MARKET;5;Principal AGF;0;1833;RF Nacional < 90;MM;Money Market;Chile;CLP;Chile;Chile;0;;0;0;1;0.0111773317;2019-06-11;;;;;;;;MTD;2738770990.0;;3493462.4216861036;;;;1330.9299;;0.0015662116;3;44;5;0.0012283937;27;182;15
2019-06-11;;1853;VISION MONEY MARKET-B;CLP;5293;VISION MONEY MARKET;5;Principal AGF;0;1833;RF Nacional < 90;MM;Money Market;Chile;CLP;Chile;Chile;0;;0;0;1;0.0111773317;2019-06-11;;;;;;;;3M;2738770990.0;;3493462.4216861036;;;;1330.9299;;0.0081481209;3;44;5;0.0058643241;64;182;35
2019-06-11;;1853;VISION MONEY MARKET-B;CLP;5293;VISION MONEY MARKET;5;Principal AGF;0;1833;RF Nacional < 90;MM;Money Market;Chile;CLP;Chile;Chile;0;;0;0;1;0.0111773317;2019-06-11;;;;;;;;6M;2738770990.0;;3493462.4216861036;;;;1330.9299;;0.0162813371;4;44;7;0.0112516216;95;176;54
2019-06-11;;1853;VISION MONEY MARKET-B;CLP;5293;VISION MONEY MARKET;5;Principal AGF;0;1833;RF Nacional < 90;MM;Money Market;Chile;CLP;Chile;Chile;0;;0;0;1;0.0111773317;2019-06-11;;;;;;;;YTD;2738770990.0;;3493462.4216861036;;;;1330.9299;;0.0162813371;4;44;7;0.0112516216;95;176;54
2019-06-11;;1853;VISION MONEY MARKET-B;CLP;5293;VISION MONEY MARKET;5;Principal AGF;0;1833;RF Nacional < 90;MM;Money Market;Chile;CLP;Chile;Chile;0;;0;0;1;0.0111773317;2019-06-11;;;;;;;;1Y;2738770990.0;;3493462.4216861036;;;;1330.9299;;0.0337665104;5;44;10;0.0222766663;102;163;63
2019-06-04;;1854;VISION MONEY MARKET-C;CLP;5293;VISION MONEY MARKET;5;Principal AGF;0;1833;RF Nacional < 90;MM;Money Market;Chile;CLP;Chile;Chile;0;;0;0;1;0.0086776983;2019-06-04;;;;;;;;MTD;6870735441.0;;8769706.275900412;;;;1361.4373;;0.0003954373;4;44;7;0.0003002141;64;182;35
2019-06-04;;1854;VISION MONEY MARKET-C;CLP;5293;VISION MONEY MARKET;5;Principal AGF;0;1833;RF Nacional < 90;MM;Money Market;Chile;CLP;Chile;Chile;0;;0;0;1;0.0086776983;2019-06-04;;;;;;;;3M;6870735441.0;;8769706.275900412;;;;1361.4373;;0.0069696527;2;44;3;0.0053655689;57;182;31
2019-06-04;;1854;VISION MONEY MARKET-C;CLP;5293;VISION MONEY MARKET;5;Principal AGF;0;1833;RF Nacional < 90;MM;Money Market;Chile;CLP;Chile;Chile;0;;0;0;1;0.0086776983;2019-06-04;;;;;;;;6M;6870735441.0;;8769706.275900412;;;;1361.4373;;0.0150933617;4;44;7;0.0113596182;71;176;40
2019-06-04;;1854;VISION MONEY MARKET-C;CLP;5293;VISION MONEY MARKET;5;Principal AGF;0;1833;RF Nacional < 90;MM;Money Market;Chile;CLP;Chile;Chile;0;;0;0;1;0.0086776983;2019-06-04;;;;;;;;YTD;6870735441.0;;8769706.275900412;;;;1361.4373;;0.0150933617;4;44;7;0.0113596182;71;176;40
2019-06-04;;1854;VISION MONEY MARKET-C;CLP;5293;VISION MONEY MARKET;5;Principal AGF;0;1833;RF Nacional < 90;MM;Money Market;Chile;CLP;Chile;Chile;0;;0;0;1;0.0086776983;2019-06-04;;;;;;;;1Y;6870735441.0;;8769706.275900412;;;;1361.4373;;0.0331682105;4;44;7;0.0242405995;78;162;48
2019-06-11;;1854;VISION MONEY MARKET-C;CLP;5293;VISION MONEY MARKET;5;Principal AGF;0;1833;RF Nacional < 90;MM;Money Market;Chile;CLP;Chile;Chile;0;;0;0;1;0.0086763831;2019-06-11;;;;;;;;MTD;6643140991.0;;8473714.486811137;;;;1362.8032;;0.0015662116;3;44;5;0.0013037932;23;182;13
2019-06-11;;1854;VISION MONEY MARKET-C;CLP;5293;VISION MONEY MARKET;5;Principal AGF;0;1833;RF Nacional < 90;MM;Money Market;Chile;CLP;Chile;Chile;0;;0;0;1;0.0086763831;2019-06-11;;;;;;;;3M;6643140991.0;;8473714.486811137;;;;1362.8032;;0.0081481209;3;44;5;0.00637423;43;182;24
2019-06-11;;1854;VISION MONEY MARKET-C;CLP;5293;VISION MONEY MARKET;5;Principal AGF;0;1833;RF Nacional < 90;MM;Money Market;Chile;CLP;Chile;Chile;0;;0;0;1;0.0086763831;2019-06-11;;;;;;;;6M;6643140991.0;;8473714.486811137;;;;1362.8032;;0.0162813371;4;44;7;0.0123742929;63;176;36
2019-06-11;;1854;VISION MONEY MARKET-C;CLP;5293;VISION MONEY MARKET;5;Principal AGF;0;1833;RF Nacional < 90;MM;Money Market;Chile;CLP;Chile;Chile;0;;0;0;1;0.0086763831;2019-06-11;;;;;;;;YTD;6643140991.0;;8473714.486811137;;;;1362.8032;;0.0162813371;4;44;7;0.0123742929;63;176;36
2019-06-11;;1854;VISION MONEY MARKET-C;CLP;5293;VISION MONEY MARKET;5;Principal AGF;0;1833;RF Nacional < 90;MM;Money Market;Chile;CLP;Chile;Chile;0;;0;0;1;0.0086763831;2019-06-11;;;;;;;;1Y;6643140991.0;;8473714.486811137;;;;1362.8032;;0.0337665104;5;44;10;0.0248348917;73;163;45
2019-06-04;;1855;VISION MONEY MARKET-CASH;CLP;5293;VISION MONEY MARKET;5;Principal AGF;0;1833;RF Nacional < 90;MM;Money Market;Chile;CLP;Chile;Chile;0;;0;0;1;0.011491734;2019-06-04;;;;;;;;MTD;10718035112.0;;13680343.333572894;;;;29661.9976;;0.0003954373;4;44;7;0.0002694442;109;182;60
2019-06-04;;1855;VISION MONEY MARKET-CASH;CLP;5293;VISION MONEY MARKET;5;Principal AGF;0;1833;RF Nacional < 90;MM;Money Market;Chile;CLP;Chile;Chile;0;;0;0;1;0.011491734;2019-06-04;;;;;;;;3M;10718035112.0;;13680343.333572894;;;;29661.9976;;0.0069696527;2;44;3;0.0048481879;88;182;49
2019-06-04;;1855;VISION MONEY MARKET-CASH;CLP;5293;VISION MONEY MARKET;5;Principal AGF;0;1833;RF Nacional < 90;MM;Money Market;Chile;CLP;Chile;Chile;0;;0;0;1;0.011491734;2019-06-04;;;;;;;;6M;10718035112.0;;13680343.333572894;;;;29661.9976;;0.0150933617;4;44;7;0.0101555824;109;176;62
2019-06-04;;1855;VISION MONEY MARKET-CASH;CLP;5293;VISION MONEY MARKET;5;Principal AGF;0;1833;RF Nacional < 90;MM;Money Market;Chile;CLP;Chile;Chile;0;;0;0;1;0.011491734;2019-06-04;;;;;;;;YTD;10718035112.0;;13680343.333572894;;;;29661.9976;;0.0150933617;4;44;7;0.0101555824;109;176;62
2019-06-04;;1855;VISION MONEY MARKET-CASH;CLP;5293;VISION MONEY MARKET;5;Principal AGF;0;1833;RF Nacional < 90;MM;Money Market;Chile;CLP;Chile;Chile;0;;0;0;1;0.011491734;2019-06-04;;;;;;;;1Y;10718035112.0;;13680343.333572894;;;;29661.9976;;0.0331682105;4;44;7;0.0213719111;103;162;64
2019-06-11;;1855;VISION MONEY MARKET-CASH;CLP;5293;VISION MONEY MARKET;5;Principal AGF;0;1833;RF Nacional < 90;MM;Money Market;Chile;CLP;Chile;Chile;0;;0;0;1;0.0114898924;2019-06-11;;;;;;;;MTD;10657660957.0;;13594469.268257678;;;;29690.1614;;0.0015662116;3;44;5;0.001219191;28;182;15
2019-06-11;;1855;VISION MONEY MARKET-CASH;CLP;5293;VISION MONEY MARKET;5;Principal AGF;0;1833;RF Nacional < 90;MM;Money Market;Chile;CLP;Chile;Chile;0;;0;0;1;0.0114898924;2019-06-11;;;;;;;;3M;10657660957.0;;13594469.268257678;;;;29690.1614;;0.0081481209;3;44;5;0.0058022823;66;182;36
2019-06-11;;1855;VISION MONEY MARKET-CASH;CLP;5293;VISION MONEY MARKET;5;Principal AGF;0;1833;RF Nacional < 90;MM;Money Market;Chile;CLP;Chile;Chile;0;;0;0;1;0.0114898924;2019-06-11;;;;;;;;6M;10657660957.0;;13594469.268257678;;;;29690.1614;;0.0162813371;4;44;7;0.011114716;101;176;58
2019-06-11;;1855;VISION MONEY MARKET-CASH;CLP;5293;VISION MONEY MARKET;5;Principal AGF;0;1833;RF Nacional < 90;MM;Money Market;Chile;CLP;Chile;Chile;0;;0;0;1;0.0114898924;2019-06-11;;;;;;;;YTD;10657660957.0;;13594469.268257678;;;;29690.1614;;0.0162813371;4;44;7;0.011114716;101;176;58
2019-06-11;;1855;VISION MONEY MARKET-CASH;CLP;5293;VISION MONEY MARKET;5;Principal AGF;0;1833;RF Nacional < 90;MM;Money Market;Chile;CLP;Chile;Chile;0;;0;0;1;0.0114898924;2019-06-11;;;;;;;;1Y;10657660957.0;;13594469.268257678;;;;29690.1614;;0.0337665104;5;44;10;0.0219645668;104;163;64
2019-06-04;;1856;VISION MONEY MARKET-G;CLP;5293;VISION MONEY MARKET;5;Principal AGF;0;1833;RF Nacional < 90;MM;Money Market;Chile;CLP;Chile;Chile;0;;0;0;1;0.0142199041;2019-06-04;;;;;;;;MTD;56830837319.0;;72538049.96289766;;;;27481.0768;;0.0003954373;4;44;7;0.0002394402;133;182;73
2019-06-04;;1856;VISION MONEY MARKET-G;CLP;5293;VISION MONEY MARKET;5;Principal AGF;0;1833;RF Nacional < 90;MM;Money Market;Chile;CLP;Chile;Chile;0;;0;0;1;0.0142199041;2019-06-04;;;;;;;;3M;56830837319.0;;72538049.96289766;;;;27481.0768;;0.0069696527;2;44;3;0.0043434471;118;182;65
2019-06-04;;1856;VISION MONEY MARKET-G;CLP;5293;VISION MONEY MARKET;5;Principal AGF;0;1833;RF Nacional < 90;MM;Money Market;Chile;CLP;Chile;Chile;0;;0;0;1;0.0142199041;2019-06-04;;;;;;;;6M;56830837319.0;;72538049.96289766;;;;27481.0768;;0.0150933617;4;44;7;0.0089821446;130;176;74
2019-06-04;;1856;VISION MONEY MARKET-G;CLP;5293;VISION MONEY MARKET;5;Principal AGF;0;1833;RF Nacional < 90;MM;Money Market;Chile;CLP;Chile;Chile;0;;0;0;1;0.0142199041;2019-06-04;;;;;;;;YTD;56830837319.0;;72538049.96289766;;;;27481.0768;;0.0150933617;4;44;7;0.0089821446;130;176;74
2019-06-04;;1856;VISION MONEY MARKET-G;CLP;5293;VISION MONEY MARKET;5;Principal AGF;0;1833;RF Nacional < 90;MM;Money Market;Chile;CLP;Chile;Chile;0;;0;0;1;0.0142199041;2019-06-04;;;;;;;;1Y;56830837319.0;;72538049.96289766;;;;27481.0768;;0.0331682105;4;44;7;0.0185801721;123;162;76
2019-06-11;;1856;VISION MONEY MARKET-G;CLP;5293;VISION MONEY MARKET;5;Principal AGF;0;1833;RF Nacional < 90;MM;Money Market;Chile;CLP;Chile;Chile;0;;0;0;1;0.0142185889;2019-06-11;;;;;;;;MTD;57044758975.0;;72763923.14689429;;;;27505.7258;;0.0015662116;3;44;5;0.0011365995;33;182;18
2019-06-11;;1856;VISION MONEY MARKET-G;CLP;5293;VISION MONEY MARKET;5;Principal AGF;0;1833;RF Nacional < 90;MM;Money Market;Chile;CLP;Chile;Chile;0;;0;0;1;0.0142185889;2019-06-11;;;;;;;;3M;57044758975.0;;72763923.14689429;;;;27505.7258;;0.0081481209;3;44;5;0.0052442874;101;182;56
2019-06-11;;1856;VISION MONEY MARKET-G;CLP;5293;VISION MONEY MARKET;5;Principal AGF;0;1833;RF Nacional < 90;MM;Money Market;Chile;CLP;Chile;Chile;0;;0;0;1;0.0142185889;2019-06-11;;;;;;;;6M;57044758975.0;;72763923.14689429;;;;27505.7258;;0.0162813371;4;44;7;0.0098871456;122;176;70
2019-06-11;;1856;VISION MONEY MARKET-G;CLP;5293;VISION MONEY MARKET;5;Principal AGF;0;1833;RF Nacional < 90;MM;Money Market;Chile;CLP;Chile;Chile;0;;0;0;1;0.0142185889;2019-06-11;;;;;;;;YTD;57044758975.0;;72763923.14689429;;;;27505.7258;;0.0162813371;4;44;7;0.0098871456;122;176;70
2019-06-11;;1856;VISION MONEY MARKET-G;CLP;5293;VISION MONEY MARKET;5;Principal AGF;0;1833;RF Nacional < 90;MM;Money Market;Chile;CLP;Chile;Chile;0;;0;0;1;0.0142185889;2019-06-11;;;;;;;;1Y;57044758975.0;;72763923.14689429;;;;27505.7258;;0.0337665104;5;44;10;0.0191711993;120;163;74
