Date,High,Low,Open,Close,Volume,Adj Close
2017-01-03,167.8699951171875,166.00999450683594,167.0,167.19000244140625,2934300.0,150.42227172851562
2017-01-04,169.8699951171875,167.36000061035156,167.77000427246094,169.25999450683594,3381400.0,152.28465270996094
2017-01-05,169.38999938964844,167.25999450683594,169.25,168.6999969482422,2682300.0,151.7808074951172
2017-01-06,169.9199981689453,167.52000427246094,168.69000244140625,169.52999877929688,2945500.0,152.52757263183594
2017-01-09,169.8000030517578,167.6199951171875,169.47000122070312,167.64999389648438,3189900.0,150.83612060546875
2017-01-10,168.08999633789062,165.33999633789062,167.97999572753906,165.52000427246094,4118700.0,148.91973876953125
2017-01-11,167.75999450683594,165.60000610351562,166.0500030517578,167.75,3599500.0,150.92608642578125
2017-01-12,168.00999450683594,165.55999755859375,167.77000427246094,167.9499969482422,2927500.0,151.10604858398438
2017-01-13,168.47999572753906,166.8800048828125,167.97000122070312,167.33999633789062,2875400.0,150.5572052001953
2017-01-17,168.17999267578125,166.1199951171875,166.69000244140625,167.88999938964844,3315700.0,151.0520477294922
2017-01-18,168.58999633789062,166.69000244140625,167.4499969482422,166.8000030517578,4007800.0,150.07135009765625
2017-01-19,167.4499969482422,165.8000030517578,166.9600067138672,166.80999755859375,6963400.0,150.08035278320312
2017-01-20,170.63999938964844,166.0,167.80999755859375,170.5500030517578,12690000.0,153.4452667236328
2017-01-23,171.25,170.00999450683594,170.0800018310547,171.02999877929688,5478200.0,153.8771209716797
2017-01-24,176.0,171.16000366210938,171.36000061035156,175.89999389648438,6952400.0,158.2587127685547
2017-01-25,179.25,176.1300048828125,176.25999450683594,178.2899932861328,5922500.0,160.4090118408203
2017-01-26,178.8800048828125,177.50999450683594,178.05999755859375,178.66000366210938,3063900.0,160.7418975830078
2017-01-27,179.1999969482422,177.3000030517578,178.47000122070312,177.3000030517578,3482300.0,159.51828002929688
2017-01-30,177.07000732421875,174.5800018310547,176.97999572753906,175.8000030517578,4094800.0,158.16876220703125
2017-01-31,175.5800018310547,173.61000061035156,175.0500030517578,174.52000427246094,4139000.0,157.01710510253906
2017-02-01,175.6999969482422,172.88999938964844,175.0,174.2899932861328,2795700.0,156.8101806640625
2017-02-02,174.97000122070312,173.5500030517578,174.22999572753906,174.5800018310547,2620500.0,157.0711212158203
2017-02-03,176.33999633789062,174.88999938964844,175.0,175.82000732421875,3309300.0,158.18675231933594
2017-02-06,175.97999572753906,174.3800048828125,175.30999755859375,175.86000061035156,2650800.0,158.2227020263672
2017-02-07,178.6199951171875,175.89999389648438,176.0,178.4600067138672,3873500.0,160.56198120117188
2017-02-08,177.5,175.8800048828125,177.5,176.1699981689453,2913100.0,159.75489807128906
2017-02-09,177.8000030517578,175.91000366210938,176.1699981689453,177.2100067138672,3090700.0,160.69801330566406
2017-02-10,178.8699951171875,176.75999450683594,177.3699951171875,178.67999267578125,2930700.0,162.031005859375
2017-02-13,179.89999389648438,178.83999633789062,179.24000549316406,179.36000061035156,3093400.0,162.64764404296875
2017-02-14,180.1300048828125,178.35000610351562,178.57000732421875,180.1300048828125,2776500.0,163.3459014892578
2017-02-15,181.9199981689453,179.80999755859375,180.1999969482422,181.67999267578125,2914300.0,164.75149536132812
2017-02-16,182.7899932861328,180.8699951171875,181.4499969482422,181.42999267578125,3251500.0,164.52476501464844
2017-02-17,181.57000732421875,180.0,181.25,180.6699981689453,3552500.0,163.83560180664062
2017-02-21,180.7899932861328,179.1199951171875,180.60000610351562,180.25999450683594,4480300.0,163.4638214111328
2017-02-22,181.33999633789062,180.08999633789062,180.08999633789062,181.14999389648438,3020500.0,164.27085876464844
2017-02-23,182.5,180.9199981689453,182.0,181.64999389648438,2282500.0,164.7242889404297
2017-02-24,181.49000549316406,179.88999938964844,180.2100067138672,181.35000610351562,3300100.0,164.4522247314453
2017-02-27,181.25,179.27999877929688,181.19000244140625,179.39999389648438,3691300.0,162.6839141845703
2017-02-28,180.6300048828125,179.35000610351562,179.3800048828125,179.82000732421875,3273400.0,163.0648193359375
2017-03-01,182.5500030517578,180.02999877929688,180.47999572753906,181.9499969482422,3005600.0,164.99635314941406
2017-03-02,181.8800048828125,180.42999267578125,181.8800048828125,180.52999877929688,2918200.0,163.70863342285156
2017-03-03,181.32000732421875,179.75999450683594,180.52999877929688,180.0500030517578,1822000.0,163.27337646484375
2017-03-06,180.99000549316406,179.57000732421875,179.72000122070312,180.47000122070312,3204400.0,163.6542510986328
2017-03-07,181.2899932861328,180.1999969482422,180.7100067138672,180.3800048828125,2980500.0,163.57260131835938
2017-03-08,180.9499969482422,179.3000030517578,180.75,179.4499969482422,3557400.0,162.72926330566406
2017-03-09,179.25,175.8800048828125,179.14999389648438,177.17999267578125,5444100.0,160.6707763671875
2017-03-10,179.49000549316406,177.4199981689453,178.2100067138672,177.8300018310547,3100300.0,161.26022338867188
2017-03-13,178.05999755859375,176.4199981689453,177.85000610351562,176.4600067138672,3482200.0,160.0178680419922
2017-03-14,176.82000732421875,175.2100067138672,176.17999267578125,175.72000122070312,3147500.0,159.34681701660156
2017-03-15,176.27999877929688,174.75,175.7100067138672,175.80999755859375,3815500.0,159.42843627929688
2017-03-16,179.0,176.82000732421875,178.4600067138672,177.24000549316406,4311800.0,160.7251739501953
2017-03-17,176.7899932861328,175.64999389648438,176.2899932861328,175.64999389648438,5921000.0,159.28334045410156
2017-03-20,176.17999267578125,175.13999938964844,175.64999389648438,175.6999969482422,2476100.0,159.3286895751953
2017-03-21,176.22999572753906,173.83999633789062,176.00999450683594,173.8800048828125,3927700.0,157.6782989501953
2017-03-22,175.05999755859375,172.8000030517578,174.0399932861328,174.77999877929688,3450500.0,158.49441528320312
2017-03-23,175.6699981689453,173.55999755859375,174.42999267578125,174.82000732421875,3740000.0,158.5307159423828
2017-03-24,175.5,173.38999938964844,175.1199951171875,173.8300018310547,3221700.0,157.6329345703125
2017-03-27,174.16000366210938,172.08999633789062,172.69000244140625,173.77000427246094,3259000.0,157.57852172851562
2017-03-28,175.0,173.0,173.94000244140625,174.50999450683594,3523900.0,158.2495574951172
2017-03-29,174.49000549316406,173.4600067138672,174.3000030517578,173.94000244140625,3085600.0,157.7327117919922
2017-03-30,174.58999633789062,173.69000244140625,173.86000061035156,173.86000061035156,3168300.0,157.66014099121094
2017-03-31,174.9499969482422,173.69000244140625,173.97999572753906,174.13999938964844,2913700.0,157.91403198242188
2017-04-03,174.8699951171875,173.3800048828125,173.82000732421875,174.5,4286500.0,158.24050903320312
2017-04-04,174.9600067138672,173.25999450683594,173.52000427246094,174.52000427246094,3108900.0,158.25863647460938
2017-04-05,176.3300018310547,172.80999755859375,174.6999969482422,172.8800048828125,6238900.0,156.77145385742188
2017-04-06,173.47000122070312,172.25,173.47000122070312,172.4499969482422,3435400.0,156.38150024414062
2017-04-07,172.92999267578125,171.27999877929688,172.0800018310547,172.13999938964844,3588300.0,156.10040283203125
2017-04-10,172.55999755859375,171.0,172.52999877929688,171.1999969482422,3789900.0,155.24798583984375
2017-04-11,171.22999572753906,168.97999572753906,170.64999389648438,170.5800018310547,4891900.0,154.68577575683594
2017-04-12,171.1999969482422,170.02000427246094,171.0399932861328,170.66000366210938,3276900.0,154.75828552246094
2017-04-13,171.36000061035156,169.52999877929688,169.9199981689453,169.52999877929688,3205500.0,153.7335968017578
2017-04-17,171.3000030517578,169.6199951171875,169.75,171.10000610351562,3720200.0,155.1573028564453
2017-04-18,171.69000244140625,169.8300018310547,170.7899932861328,170.0500030517578,6345500.0,154.2051544189453
2017-04-19,162.63999938964844,159.60000610351562,161.75999450683594,161.69000244140625,19284300.0,146.62411499023438
2017-04-20,162.39999389648438,160.5,161.32000732421875,162.3000030517578,6486800.0,147.17727661132812
2017-04-21,162.11000061035156,160.3800048828125,162.0500030517578,160.3800048828125,5607800.0,145.43617248535156
2017-04-24,161.57000732421875,160.4199981689453,161.2899932861328,160.75,5320600.0,145.77169799804688
2017-04-25,162.0399932861328,160.3800048828125,161.77999877929688,160.38999938964844,4860400.0,145.4452667236328
2017-04-26,161.10000610351562,159.88999938964844,160.52999877929688,160.05999755859375,4327800.0,145.14598083496094
2017-04-27,160.47999572753906,159.6300048828125,160.2899932861328,160.32000732421875,4122600.0,145.3817596435547
2017-04-28,160.58999633789062,159.6999969482422,160.5,160.2899932861328,4154100.0,145.35455322265625
2017-05-01,160.4199981689453,158.6999969482422,160.0500030517578,158.83999633789062,4935300.0,144.03965759277344
2017-05-02,159.49000549316406,158.63999938964844,159.44000244140625,159.10000610351562,3208200.0,144.27545166015625
2017-05-03,159.4499969482422,158.52000427246094,158.74000549316406,158.6300048828125,3993300.0,143.84922790527344
2017-05-04,159.13999938964844,158.36000061035156,158.88999938964844,159.0500030517578,4280600.0,144.23011779785156
2017-05-05,155.77999877929688,153.0,153.52000427246094,155.0500030517578,12521300.0,140.60281372070312
2017-05-08,153.47000122070312,152.1999969482422,152.8000030517578,153.02999877929688,7492000.0,140.12664794921875
2017-05-09,153.10000610351562,151.55999755859375,152.60000610351562,152.11000061035156,6853000.0,139.28421020507812
2017-05-10,152.3699951171875,151.1300048828125,151.64999389648438,151.25,4999900.0,138.4967498779297
2017-05-11,151.14999389648438,149.7899932861328,151.0500030517578,150.64999389648438,5627900.0,137.9473419189453
2017-05-12,151.25999450683594,150.0,150.3000030517578,150.3699951171875,3715300.0,137.69093322753906
2017-05-15,151.8300018310547,150.4499969482422,150.6199951171875,151.50999450683594,4245500.0,138.7348175048828
2017-05-16,153.99000549316406,151.66000366210938,151.66000366210938,153.67999267578125,5513700.0,140.72183227539062
2017-05-17,154.13999938964844,150.88999938964844,153.3000030517578,150.92999267578125,5191500.0,138.20372009277344
2017-05-18,151.3300018310547,150.11000061035156,150.86000061035156,150.77999877929688,3274200.0,138.06637573242188
2017-05-19,152.4600067138672,150.88999938964844,151.00999450683594,151.97999572753906,5643000.0,139.1652069091797
2017-05-22,152.83999633789062,151.60000610351562,152.10000610351562,152.63999938964844,3302100.0,139.76953125
2017-05-23,153.67999267578125,151.9199981689453,152.57000732421875,152.02999877929688,2564500.0,139.2109832763672
2017-05-24,152.75999450683594,151.22999572753906,152.2100067138672,152.50999450683594,3732400.0,139.65049743652344
2017-05-25,153.72999572753906,152.9499969482422,153.25,153.1999969482422,2582700.0,140.28233337402344
2017-05-26,153.0,152.05999755859375,152.85000610351562,152.49000549316406,2443300.0,139.63218688964844
2017-05-30,152.6699981689453,151.58999633789062,151.9499969482422,151.72999572753906,3666000.0,138.93624877929688
2017-05-31,152.8000030517578,151.64999389648438,152.02999877929688,152.6300048828125,3543400.0,139.76040649414062
2017-06-01,152.8699951171875,151.6300048828125,152.8000030517578,152.6699981689453,2918100.0,139.79701232910156
2017-06-02,153.1999969482422,151.8000030517578,153.07000732421875,152.0500030517578,3585700.0,139.22927856445312
2017-06-05,152.92999267578125,151.67999267578125,151.82000732421875,152.41000366210938,3975100.0,139.55894470214844
2017-06-06,152.88999938964844,152.0,152.0,152.3699951171875,3797200.0,139.5222930908203
2017-06-07,154.1999969482422,150.8000030517578,153.0500030517578,150.97999572753906,4865700.0,138.24951171875
2017-06-08,152.82000732421875,150.9199981689453,151.0,152.10000610351562,3709000.0,139.27505493164062
2017-06-09,154.25999450683594,151.8800048828125,152.0,154.10000610351562,4361500.0,141.1064453125
2017-06-12,157.1999969482422,154.02000427246094,154.19000244140625,155.17999267578125,6471500.0,142.09535217285156
2017-06-13,155.47999572753906,154.14999389648438,155.44000244140625,154.25,3523500.0,141.24378967285156
2017-06-14,154.94000244140625,152.94000244140625,153.97000122070312,153.80999755859375,3049100.0,140.84088134765625
2017-06-15,154.69000244140625,153.2899932861328,153.2899932861328,154.22000122070312,4654300.0,141.21632385253906
2017-06-16,155.4199981689453,152.97000122070312,154.22999572753906,155.3800048828125,6742000.0,142.2785186767578
2017-06-19,155.86000061035156,154.5399932861328,155.50999450683594,154.83999633789062,4629500.0,141.78404235839844
2017-06-20,155.38999938964844,154.25,154.47999572753906,154.9499969482422,4481700.0,141.884765625
2017-06-21,155.7899932861328,153.38999938964844,155.7899932861328,153.7899932861328,3959700.0,140.82257080078125
2017-06-22,154.99000549316406,153.69000244140625,154.5500030517578,154.39999389648438,2376500.0,141.38113403320312
2017-06-23,154.67999267578125,153.8000030517578,154.33999633789062,154.11000061035156,3282200.0,141.11561584472656
2017-06-26,155.75,154.6300048828125,154.7100067138672,155.22999572753906,2153500.0,142.1411590576172
2017-06-27,155.33999633789062,154.5,155.0,154.75,2386500.0,141.70162963867188
2017-06-28,155.5500030517578,154.77999877929688,155.14999389648438,155.32000732421875,2221000.0,142.2235870361328
2017-06-29,155.74000549316406,153.6199951171875,155.35000610351562,154.1300048828125,3262200.0,141.13392639160156
2017-06-30,154.5,153.13999938964844,154.27999877929688,153.8300018310547,3571500.0,140.85919189453125
2017-07-03,156.02999877929688,153.52000427246094,153.5800018310547,155.5800018310547,2822500.0,142.4616241455078
2017-07-05,155.88999938964844,153.6300048828125,155.77000427246094,153.6699981689453,3564400.0,140.7126922607422
2017-07-06,153.8300018310547,152.22999572753906,153.36000061035156,152.36000061035156,2757500.0,139.51316833496094
2017-07-07,153.49000549316406,152.13999938964844,152.6199951171875,152.94000244140625,2460100.0,140.04425048828125
2017-07-10,153.88999938964844,152.6300048828125,152.91000366210938,153.4199981689453,3206200.0,140.48374938964844
2017-07-11,153.64999389648438,152.0500030517578,153.25999450683594,153.19000244140625,3447500.0,140.27316284179688
2017-07-12,154.24000549316406,153.0500030517578,153.47999572753906,153.6999969482422,3097900.0,140.7401580810547
2017-07-13,154.19000244140625,153.19000244140625,153.6999969482422,153.6300048828125,2476100.0,140.67608642578125
2017-07-14,154.6199951171875,153.39999389648438,154.00999450683594,154.24000549316406,3256400.0,141.23463439941406
2017-07-17,153.8800048828125,152.24000549316406,153.58999633789062,153.00999450683594,4762600.0,140.10833740234375
2017-07-18,154.2899932861328,152.0,152.36000061035156,154.0,7566800.0,141.01486206054688
2017-07-19,150.25,146.7100067138672,150.02000427246094,147.52999877929688,14293600.0,135.09039306640625
2017-07-20,148.8300018310547,147.02999877929688,147.52999877929688,147.66000366210938,7212200.0,135.20945739746094
2017-07-21,147.8699951171875,146.50999450683594,147.58999633789062,147.0800018310547,6509500.0,134.6783447265625
2017-07-24,147.0399932861328,145.8000030517578,147.0,145.99000549316406,3877600.0,133.68028259277344
2017-07-25,147.49000549316406,146.02999877929688,146.57000732421875,146.19000244140625,4208900.0,133.86341857910156
2017-07-26,146.4600067138672,144.47000122070312,146.27000427246094,145.36000061035156,3932400.0,133.1033935546875
2017-07-27,145.39999389648438,143.63999938964844,145.0,145.07000732421875,6430800.0,132.83786010742188
2017-07-28,145.0399932861328,143.83999633789062,144.80999755859375,144.2899932861328,3054800.0,132.12359619140625
2017-07-31,144.92999267578125,144.1699981689453,144.3800048828125,144.6699981689453,4355700.0,132.4715576171875
2017-08-01,145.6699981689453,144.72000122070312,145.0,145.3000030517578,3219500.0,133.0484619140625
2017-08-02,145.2899932861328,144.22000122070312,145.1199951171875,144.4499969482422,3540900.0,132.27011108398438
2017-08-03,145.33999633789062,144.42999267578125,144.42999267578125,144.94000244140625,3035400.0,132.7187957763672
2017-08-04,145.38999938964844,144.39999389648438,145.0,145.16000366210938,2549400.0,132.92025756835938
2017-08-07,145.08999633789062,142.75,145.0,143.47000122070312,4618300.0,131.37274169921875
2017-08-08,142.75999450683594,142.0,142.0,142.11000061035156,3298700.0,131.50230407714844
2017-08-09,142.02999877929688,141.19000244140625,141.75,141.77000427246094,2925800.0,131.18768310546875
2017-08-10,142.4199981689453,141.22999572753906,141.63999938964844,141.83999633789062,4525400.0,131.25242614746094
2017-08-11,142.58999633789062,141.52000427246094,142.4499969482422,141.83999633789062,3004000.0,131.25242614746094
2017-08-14,142.75999450683594,141.94000244140625,142.0,142.32000732421875,2248600.0,131.69662475585938
2017-08-15,143.33999633789062,140.5800018310547,142.5500030517578,142.07000732421875,4681500.0,131.46530151367188
2017-08-16,142.91000366210938,141.61000061035156,141.7899932861328,142.5,3287800.0,131.86318969726562
2017-08-17,142.88999938964844,140.6999969482422,142.52000427246094,140.6999969482422,4422100.0,130.19754028320312
2017-08-18,141.14999389648438,139.5800018310547,140.8699951171875,139.6999969482422,4152700.0,129.27220153808594
2017-08-21,140.4199981689453,139.1300048828125,139.58999633789062,140.3300018310547,3190700.0,129.8551483154297
2017-08-22,141.14999389648438,140.3800048828125,140.63999938964844,141.00999450683594,2544400.0,130.48439025878906
2017-08-23,143.0500030517578,140.67999267578125,140.6999969482422,142.13999938964844,4048300.0,131.53004455566406
2017-08-24,143.67999267578125,142.25,142.5,142.94000244140625,3592200.0,132.27032470703125
2017-08-25,144.19000244140625,143.25,143.3000030517578,143.74000549316406,2872900.0,133.0106201171875
2017-08-28,144.55999755859375,142.38999938964844,144.11000061035156,142.50999450683594,5086000.0,131.8724365234375
2017-08-29,143.42999267578125,141.89999389648438,142.10000610351562,143.13999938964844,3009500.0,132.45541381835938
2017-08-30,143.27999877929688,142.41000366210938,143.25999450683594,142.55999755859375,2736000.0,131.91871643066406
2017-08-31,143.66000366210938,142.6300048828125,143.02000427246094,143.02999877929688,3656400.0,132.35362243652344
2017-09-01,144.5,142.97999572753906,142.97999572753906,144.0800018310547,3351700.0,133.3252410888672
2017-09-05,144.36000061035156,142.6999969482422,143.5,143.0399932861328,3097500.0,132.36288452148438
2017-09-06,144.47000122070312,143.5,143.8800048828125,143.82000732421875,3273300.0,133.0846710205078
2017-09-07,144.63999938964844,142.41000366210938,144.10000610351562,142.89999389648438,4188200.0,132.2333221435547
2017-09-08,143.14999389648438,141.63999938964844,143.14999389648438,142.4499969482422,3366200.0,131.81692504882812
2017-09-11,145.1300048828125,143.00999450683594,143.5399932861328,144.86000061035156,4613400.0,134.04701232910156
2017-09-12,146.3699951171875,144.50999450683594,145.11000061035156,145.75999450683594,5238100.0,134.87982177734375
2017-09-13,146.2899932861328,145.33999633789062,145.35000610351562,145.99000549316406,4101000.0,135.0926971435547
2017-09-14,146.3800048828125,145.50999450683594,145.86000061035156,145.5399932861328,3756900.0,134.67626953125
2017-09-15,145.1699981689453,144.0800018310547,144.82000732421875,144.82000732421875,7397200.0,134.010009765625
2017-09-18,145.47999572753906,144.27000427246094,144.80999755859375,144.5500030517578,3019500.0,133.76014709472656
2017-09-19,144.97999572753906,144.22000122070312,144.7899932861328,144.38999938964844,3464400.0,133.6121063232422
2017-09-20,145.8800048828125,144.4199981689453,144.92999267578125,145.8800048828125,5447500.0,134.9908905029297
2017-09-21,145.88999938964844,145.10000610351562,145.64999389648438,145.25999450683594,2555600.0,134.4171905517578
2017-09-22,145.58999633789062,144.58999633789062,145.58999633789062,145.1300048828125,2792300.0,134.296875
2017-09-25,146.02999877929688,144.91000366210938,145.1199951171875,145.8699951171875,5213100.0,134.9816131591797
2017-09-26,147.4199981689453,145.94000244140625,146.36000061035156,146.55999755859375,4488600.0,135.62013244628906
2017-09-27,146.89999389648438,145.02999877929688,146.67999267578125,145.66000366210938,3502700.0,134.78732299804688
2017-09-28,145.86000061035156,144.2100067138672,145.66000366210938,145.66000366210938,2774800.0,134.78732299804688
2017-09-29,145.69000244140625,144.9199981689453,145.4499969482422,145.0800018310547,2654700.0,134.2506103515625
2017-10-02,146.8699951171875,145.2100067138672,145.35000610351562,146.66000366210938,2973200.0,135.71267700195312
2017-10-03,147.1999969482422,146.33999633789062,146.69000244140625,146.77999877929688,2302700.0,135.82369995117188
2017-10-04,147.02000427246094,146.11000061035156,147.0,146.47999572753906,2244400.0,135.54611206054688
2017-10-05,147.5399932861328,146.47999572753906,146.67999267578125,146.72000122070312,2686500.0,135.7681884765625
2017-10-06,146.85000610351562,146.32000732421875,146.63999938964844,146.47999572753906,2623200.0,135.54611206054688
2017-10-09,147.7899932861328,146.35000610351562,146.5,147.38999938964844,2682600.0,136.38818359375
2017-10-10,148.9499969482422,147.64999389648438,147.7100067138672,148.5,4032600.0,137.41531372070312
2017-10-11,148.47000122070312,147.27999877929688,148.39999389648438,147.6199951171875,3702200.0,136.6009979248047
2017-10-12,147.88999938964844,146.77000427246094,147.55999755859375,147.02999877929688,3264300.0,136.0550537109375
2017-10-13,147.85000610351562,146.94000244140625,147.47999572753906,147.10000610351562,2506600.0,136.11981201171875
2017-10-16,147.6699981689453,146.50999450683594,147.22000122070312,146.8300018310547,3052100.0,135.86996459960938
2017-10-17,147.1199951171875,146.17999267578125,146.6300048828125,146.5399932861328,6372400.0,135.60162353515625
2017-10-18,161.22999572753906,156.9499969482422,157.1199951171875,159.52999877929688,30490200.0,147.6219940185547
2017-10-19,160.9600067138672,159.08999633789062,159.8000030517578,160.89999389648438,9914200.0,148.8897247314453
2017-10-20,162.47999572753906,159.77000427246094,161.07000732421875,162.07000732421875,7868800.0,149.97238159179688
2017-10-23,162.50999450683594,159.5399932861328,162.0500030517578,159.5500030517578,5779400.0,147.64051818847656
2017-10-24,159.6999969482422,155.1699981689453,159.64999389648438,155.8800048828125,8194700.0,144.24444580078125
2017-10-25,156.3699951171875,153.05999755859375,156.00999450683594,153.5,6921100.0,142.04208374023438
2017-10-26,155.1199951171875,153.5399932861328,154.30999755859375,153.60000610351562,4300500.0,142.1346435546875
2017-10-27,154.6300048828125,152.91000366210938,154.5399932861328,153.67999267578125,4895200.0,142.20864868164062
2017-10-30,154.58999633789062,152.7100067138672,153.75999450683594,154.36000061035156,4210400.0,142.83790588378906
2017-10-31,154.92999267578125,152.92999267578125,154.3300018310547,154.05999755859375,4328300.0,142.56028747558594
2017-11-01,154.89999389648438,153.8300018310547,154.10000610351562,154.02999877929688,3240200.0,142.5325469970703
2017-11-02,154.49000549316406,152.91000366210938,154.17999267578125,153.35000610351562,3397600.0,141.90330505371094
2017-11-03,153.47000122070312,151.49000549316406,153.4199981689453,151.5800018310547,4431800.0,140.26541137695312
2017-11-06,151.82000732421875,150.27999877929688,151.77000427246094,150.83999633789062,4498400.0,139.5806427001953
2017-11-07,151.50999450683594,150.5,151.3699951171875,151.35000610351562,3701100.0,140.0525665283203
2017-11-08,151.7899932861328,150.27999877929688,151.60000610351562,151.57000732421875,4634400.0,140.2561492919922
2017-11-09,151.8000030517578,149.86000061035156,149.92999267578125,150.3000030517578,4776500.0,140.4711151123047
2017-11-10,150.88999938964844,149.13999938964844,150.64999389648438,149.16000366210938,4307300.0,139.40567016601562
2017-11-13,149.0,147.9199981689453,148.8800048828125,148.39999389648438,5107500.0,138.6953582763672
2017-11-14,148.97000122070312,147.49000549316406,147.9499969482422,148.88999938964844,3758000.0,139.15335083007812
2017-11-15,148.7100067138672,146.2100067138672,148.0,147.10000610351562,4773300.0,137.4803924560547
2017-11-16,149.64999389648438,147.5,147.72999572753906,149.1199951171875,5446500.0,139.36827087402344
2017-11-17,150.14999389648438,148.8300018310547,149.33999633789062,148.97000122070312,4916500.0,139.22808837890625
2017-11-20,151.9499969482422,149.89999389648438,150.63999938964844,150.50999450683594,5676500.0,140.66737365722656
2017-11-21,152.4499969482422,151.1999969482422,151.3000030517578,151.9499969482422,3756200.0,142.01319885253906
2017-11-22,152.38999938964844,151.3300018310547,152.0,151.77000427246094,3213600.0,141.844970703125
2017-11-24,152.1999969482422,151.3300018310547,151.9499969482422,151.83999633789062,1193000.0,141.91038513183594
2017-11-27,152.49000549316406,151.6199951171875,152.05999755859375,151.97999572753906,3374000.0,142.04124450683594
2017-11-28,152.92999267578125,151.6999969482422,152.35000610351562,152.47000122070312,3973700.0,142.49920654296875
2017-11-29,153.61000061035156,152.1699981689453,152.80999755859375,153.5500030517578,5098700.0,143.50857543945312
2017-11-30,154.41000366210938,153.0800018310547,153.64999389648438,153.97000122070312,6500800.0,143.90110778808594
2017-12-01,155.02000427246094,152.91000366210938,154.39999389648438,154.75999450683594,5567900.0,144.6394500732422
2017-12-04,156.8000030517578,155.07000732421875,155.9600067138672,156.4600067138672,4664300.0,146.22830200195312
2017-12-05,156.74000549316406,154.67999267578125,156.4499969482422,155.35000610351562,5068000.0,145.19088745117188
2017-12-06,156.22000122070312,154.08999633789062,154.10000610351562,154.10000610351562,3410700.0,144.02261352539062
2017-12-07,154.4499969482422,153.25999450683594,153.58999633789062,153.57000732421875,3771100.0,143.52728271484375
2017-12-08,155.02999877929688,153.5500030517578,154.97999572753906,154.80999755859375,3520300.0,144.68617248535156
2017-12-11,155.88999938964844,154.57000732421875,155.4600067138672,155.41000366210938,4102700.0,145.24693298339844
2017-12-12,157.85000610351562,155.16000366210938,157.3000030517578,156.74000549316406,6321800.0,146.48997497558594
2017-12-13,156.72999572753906,153.88999938964844,156.60000610351562,153.91000366210938,5661600.0,143.84503173828125
2017-12-14,155.11000061035156,153.6999969482422,154.60000610351562,154.0,4637400.0,143.9291534423828
2017-12-15,153.8000030517578,152.02999877929688,153.61000061035156,152.5,11279900.0,142.52723693847656
2017-12-18,154.17999267578125,153.2100067138672,153.58999633789062,153.3300018310547,5092800.0,143.30296325683594
2017-12-19,154.1699981689453,153.08999633789062,154.0500030517578,153.22999572753906,4116400.0,143.2095184326172
2017-12-20,153.88999938964844,152.77999877929688,153.64999389648438,152.9499969482422,3785700.0,142.94781494140625
2017-12-21,153.4600067138672,151.49000549316406,153.1699981689453,151.5,4153900.0,141.5926513671875
2017-12-22,153.0,151.5,151.82000732421875,152.5,2990600.0,142.52723693847656
2017-12-26,153.86000061035156,152.5,152.50999450683594,152.8300018310547,2479000.0,142.83566284179688
2017-12-27,153.17999267578125,152.61000061035156,152.9499969482422,153.1300048828125,2149300.0,143.11605834960938
2017-12-28,154.1199951171875,153.1999969482422,153.1999969482422,154.0399932861328,2687600.0,143.96653747558594
2017-12-29,154.72000122070312,153.4199981689453,154.1699981689453,153.4199981689453,3327100.0,143.3870849609375
2018-01-02,154.80999755859375,153.5399932861328,154.5,154.25,4202500.0,144.16281127929688
2018-01-03,159.80999755859375,156.3300018310547,157.33999633789062,158.49000549316406,9441600.0,148.12554931640625
2018-01-04,162.32000732421875,159.3699951171875,159.64999389648438,161.6999969482422,7556200.0,151.12562561035156
2018-01-05,162.89999389648438,161.10000610351562,162.44000244140625,162.49000549316406,5195800.0,151.8639678955078
2018-01-08,163.91000366210938,161.6999969482422,162.66000366210938,163.47000122070312,5237500.0,152.77987670898438
2018-01-09,164.52999877929688,163.05999755859375,163.89999389648438,163.8300018310547,4341800.0,153.1163330078125
2018-01-10,164.3300018310547,162.5,162.91000366210938,164.17999267578125,4174100.0,153.4434356689453
2018-01-11,164.94000244140625,163.3000030517578,164.8000030517578,164.1999969482422,3794500.0,153.46214294433594
2018-01-12,164.74000549316406,163.02999877929688,164.02000427246094,163.13999938964844,5031900.0,152.471435546875
2018-01-16,165.2899932861328,163.35000610351562,165.10000610351562,163.85000610351562,7794200.0,153.13502502441406
2018-01-17,169.1300048828125,167.25999450683594,168.00999450683594,168.64999389648438,11710000.0,157.62110900878906
2018-01-18,171.1300048828125,168.14999389648438,170.0,169.1199951171875,14259300.0,158.06036376953125
2018-01-19,165.39999389648438,161.3000030517578,164.4600067138672,162.3699951171875,21172500.0,151.7517852783203
2018-01-22,163.97999572753906,161.11000061035156,161.50999450683594,162.60000610351562,8480800.0,151.96676635742188
2018-01-23,166.25999450683594,162.50999450683594,162.82000732421875,166.25,7466200.0,155.37806701660156
2018-01-24,168.72000122070312,164.82000732421875,166.75,165.3699951171875,5645000.0,154.55560302734375
2018-01-25,166.77999877929688,165.19000244140625,165.91000366210938,165.47000122070312,3302500.0,154.64906311035156
2018-01-26,167.41000366210938,165.7899932861328,166.1199951171875,167.33999633789062,3787900.0,156.39678955078125
2018-01-29,168.38999938964844,166.00999450683594,167.4499969482422,166.8000030517578,3517000.0,155.89208984375
2018-01-30,166.77000427246094,163.16000366210938,166.2100067138672,163.6199951171875,4902300.0,152.92005920410156
2018-01-31,164.99000549316406,162.75999450683594,163.75,163.6999969482422,4072800.0,152.99481201171875
2018-02-01,164.1300048828125,161.89999389648438,163.19000244140625,162.39999389648438,4434200.0,151.7798309326172
2018-02-02,162.0,158.8699951171875,161.6999969482422,159.02999877929688,5251900.0,148.6302032470703
2018-02-05,158.5,150.0,157.88999938964844,152.52999877929688,8746600.0,142.55528259277344
2018-02-06,155.49000549316406,149.11000061035156,150.2899932861328,155.33999633789062,9867700.0,145.1815185546875
2018-02-07,155.33999633789062,153.27999877929688,154.1699981689453,153.85000610351562,6149200.0,143.78897094726562
2018-02-08,153.16000366210938,147.5,152.47999572753906,147.58999633789062,6779100.0,139.2964324951172
2018-02-09,150.5399932861328,144.39999389648438,148.60000610351562,149.50999450683594,7828300.0,141.1085662841797
2018-02-12,152.39999389648438,150.3000030517578,150.89999389648438,151.39999389648438,5881400.0,142.892333984375
2018-02-13,151.17999267578125,149.63999938964844,150.89999389648438,150.75,4891000.0,142.2788848876953
2018-02-14,155.0,150.0,150.19000244140625,154.75999450683594,5479000.0,146.06353759765625
2018-02-15,156.86000061035156,153.6999969482422,155.5,156.00999450683594,5623600.0,147.24331665039062
2018-02-16,157.7899932861328,155.69000244140625,155.7100067138672,156.17999267578125,4282900.0,147.40374755859375
2018-02-20,155.9600067138672,153.8699951171875,155.7899932861328,155.16000366210938,4489600.0,146.44105529785156
2018-02-21,156.7899932861328,153.89999389648438,155.42999267578125,153.9600067138672,3728600.0,145.3085174560547
2018-02-22,155.0399932861328,152.7899932861328,154.5,153.17999267578125,4024600.0,144.5723114013672
2018-02-23,155.85000610351562,154.07000732421875,154.3000030517578,155.52000427246094,3256100.0,146.7808380126953
2018-02-26,158.8800048828125,155.50999450683594,155.80999755859375,158.5800018310547,3610300.0,149.6688995361328
2018-02-27,159.77999877929688,156.52999877929688,158.4600067138672,156.5500030517578,4237300.0,147.75296020507812
2018-02-28,158.13999938964844,155.8000030517578,157.5,155.8300018310547,3803500.0,147.0734100341797
2018-03-01,156.97000122070312,152.7899932861328,155.52999877929688,153.80999755859375,4039300.0,145.16690063476562
2018-03-02,154.75999450683594,151.8800048828125,152.7899932861328,154.49000549316406,3261100.0,145.80873107910156
2018-03-05,157.49000549316406,153.75,154.1199951171875,156.9499969482422,3670600.0,148.13046264648438
2018-03-06,157.88999938964844,155.16000366210938,157.27999877929688,155.72000122070312,3685700.0,146.96958923339844
2018-03-07,158.8300018310547,154.72999572753906,155.0,158.32000732421875,4607700.0,149.42352294921875
2018-03-08,159.57000732421875,155.07000732421875,159.0,156.2100067138672,6455600.0,147.43206787109375
2018-03-09,159.5800018310547,157.3000030517578,157.47000122070312,159.30999755859375,5022200.0,150.3578643798828
2018-03-12,161.02000427246094,158.8699951171875,159.63999938964844,160.25999450683594,5063500.0,151.2544708251953
2018-03-13,162.11000061035156,158.80999755859375,160.08999633789062,159.32000732421875,4185600.0,150.36729431152344
2018-03-14,160.67999267578125,157.74000549316406,160.1699981689453,158.1199951171875,3631800.0,149.2347412109375
2018-03-15,161.25,158.52000427246094,158.7100067138672,159.61000061035156,3870600.0,150.6409912109375
2018-03-16,161.97999572753906,159.63999938964844,160.05999755859375,160.25999450683594,9262700.0,151.2544708251953
2018-03-19,159.88999938964844,156.4499969482422,159.7100067138672,157.35000610351562,5482000.0,148.50799560546875
2018-03-20,157.92999267578125,155.2899932861328,157.52000427246094,156.1999969482422,4336700.0,147.422607421875
2018-03-21,158.1999969482422,155.9199981689453,156.57000732421875,156.69000244140625,3482200.0,147.8850860595703
2018-03-22,155.25,152.0,155.0,152.08999633789062,4746300.0,143.54356384277344
2018-03-23,152.5800018310547,148.5399932861328,152.25,148.88999938964844,4440900.0,140.52340698242188
2018-03-26,153.66000366210938,150.27999877929688,151.2100067138672,153.3699951171875,4103900.0,144.75164794921875
2018-03-27,154.8699951171875,151.16000366210938,153.9499969482422,151.91000366210938,3883700.0,143.37368774414062
2018-03-28,153.86000061035156,151.88999938964844,152.07000732421875,152.52000427246094,3664800.0,143.9494171142578
2018-03-29,153.88999938964844,151.0800018310547,153.07000732421875,153.42999267578125,3420000.0,144.8082733154297
2018-04-02,153.3800048828125,148.42999267578125,153.33999633789062,150.07000732421875,5150400.0,141.6370849609375
2018-04-03,151.0,148.3000030517578,150.8000030517578,149.85000610351562,4135700.0,141.42945861816406
2018-04-04,154.47000122070312,147.4499969482422,147.88999938964844,154.1199951171875,4805300.0,145.45950317382812
2018-04-05,154.9199981689453,153.33999633789062,154.44000244140625,154.02999877929688,3185400.0,145.3745574951172
2018-04-06,153.9499969482422,149.5399932861328,153.4600067138672,150.57000732421875,3672900.0,142.1090087890625
2018-04-09,154.66000366210938,151.74000549316406,151.8000030517578,152.69000244140625,4413200.0,144.10986328125
2018-04-10,156.60000610351562,154.75,155.02999877929688,155.38999938964844,3806400.0,146.65814208984375
2018-04-11,155.77999877929688,153.8800048828125,154.3699951171875,155.36000061035156,3306500.0,146.62982177734375
2018-04-12,158.97999572753906,156.6699981689453,156.75,158.07000732421875,5639400.0,149.1875457763672
2018-04-13,159.22000122070312,155.91000366210938,158.6699981689453,156.7100067138672,4057100.0,147.9039764404297
2018-04-16,159.13999938964844,157.6699981689453,157.99000549316406,157.88999938964844,4186800.0,149.0176544189453
2018-04-17,162.0,158.50999450683594,158.82000732421875,160.91000366210938,10207500.0,151.8679656982422
2018-04-18,152.6300048828125,148.25999450683594,152.13999938964844,148.7899932861328,20381700.0,140.42901611328125
2018-04-19,149.2100067138672,146.6199951171875,149.19000244140625,147.6999969482422,8086100.0,139.4002685546875
2018-04-20,147.97000122070312,144.50999450683594,147.89999389648438,144.89999389648438,8265600.0,136.75759887695312
2018-04-23,145.9600067138672,144.3300018310547,145.02999877929688,145.86000061035156,5315600.0,137.66366577148438
2018-04-24,147.3000030517578,144.52999877929688,146.50999450683594,145.55999755859375,4916500.0,137.38052368164062
2018-04-25,146.39999389648438,144.11000061035156,145.7899932861328,145.94000244140625,7326400.0,137.7391815185547
2018-04-26,147.36000061035156,146.1999969482422,146.60000610351562,146.72000122070312,4265800.0,138.47531127929688
2018-04-27,147.25,145.66000366210938,146.83999633789062,146.47999572753906,3205500.0,138.24884033203125
2018-04-30,147.3800048828125,144.9600067138672,146.86000061035156,144.9600067138672,4415500.0,136.81423950195312
2018-05-01,145.02000427246094,143.47000122070312,144.64999389648438,145.0,4433400.0,136.8519744873047
2018-05-02,144.82000732421875,142.07000732421875,144.4600067138672,142.4499969482422,5194900.0,134.44528198242188
2018-05-03,142.22999572753906,139.89999389648438,142.1300048828125,141.99000549316406,5018600.0,134.01113891601562
2018-05-04,144.35000610351562,140.27999877929688,141.10000610351562,143.91000366210938,4402200.0,135.82321166992188
2018-05-07,144.32000732421875,142.63999938964844,144.0,143.22000122070312,3657000.0,135.1719970703125
2018-05-08,143.50999450683594,142.05999755859375,143.0,143.0,5369100.0,134.96438598632812
2018-05-09,143.02000427246094,141.27999877929688,141.89999389648438,142.61000061035156,4196000.0,136.09042358398438
2018-05-10,144.3300018310547,143.00999450683594,143.14999389648438,144.24000549316406,3726600.0,137.64590454101562
2018-05-11,144.85000610351562,143.5800018310547,144.11000061035156,144.13999938964844,3073200.0,137.55047607421875
2018-05-14,145.1199951171875,144.13999938964844,144.47000122070312,144.3000030517578,3216100.0,137.7031707763672
2018-05-15,143.99000549316406,142.9199981689453,143.5,143.74000549316406,4089400.0,137.1687774658203
2018-05-16,145.02999877929688,143.27000427246094,143.6999969482422,144.6300048828125,3168700.0,138.01808166503906
2018-05-17,145.19000244140625,143.77000427246094,144.5,144.5,3147700.0,137.89402770996094
2018-05-18,144.94000244140625,143.99000549316406,144.47000122070312,144.0800018310547,2682200.0,137.49322509765625
2018-05-21,146.0399932861328,144.67999267578125,144.9499969482422,145.49000549316406,2894700.0,138.83877563476562
2018-05-22,146.1999969482422,145.0,145.52000427246094,145.08999633789062,2284000.0,138.45704650878906
2018-05-23,144.6999969482422,143.47999572753906,144.35000610351562,144.6699981689453,3459700.0,138.05625915527344
2018-05-24,144.47999572753906,142.9499969482422,144.38999938964844,144.07000732421875,3398700.0,137.4836883544922
2018-05-25,144.57000732421875,143.4600067138672,143.89999389648438,143.63999938964844,4914300.0,137.07333374023438
2018-05-29,142.88999938964844,140.2100067138672,142.52999877929688,141.22000122070312,4537600.0,134.76397705078125
2018-05-30,143.10000610351562,141.82000732421875,141.89999389648438,142.6199951171875,5118500.0,136.09996032714844
2018-05-31,142.80999755859375,141.0500030517578,142.80999755859375,141.30999755859375,6830300.0,134.849853515625
2018-06-01,142.83999633789062,141.6199951171875,142.42999267578125,141.9499969482422,3857500.0,135.46058654785156
2018-06-04,143.1699981689453,142.17999267578125,142.3000030517578,143.0399932861328,3035300.0,136.50076293945312
2018-06-05,144.0800018310547,143.0399932861328,143.0500030517578,143.6999969482422,2836000.0,137.13058471679688
2018-06-06,144.72000122070312,143.5399932861328,144.33999633789062,144.7100067138672,3220100.0,138.09442138671875
2018-06-07,146.6999969482422,144.92999267578125,145.0,145.36000061035156,4316500.0,138.71470642089844
2018-06-08,146.42999267578125,144.3699951171875,145.0,146.13999938964844,5210500.0,139.45904541015625
2018-06-11,147.41000366210938,146.13999938964844,146.6199951171875,146.5800018310547,3260000.0,139.87893676757812
2018-06-12,147.52000427246094,146.6199951171875,147.10000610351562,146.8699951171875,2640500.0,140.15565490722656
2018-06-13,147.47000122070312,146.1999969482422,146.7899932861328,146.35000610351562,2968200.0,139.65945434570312
2018-06-14,146.97999572753906,145.08999633789062,146.64999389648438,145.1999969482422,3326300.0,138.56201171875
2018-06-15,145.47000122070312,143.6999969482422,144.89999389648438,145.38999938964844,9116000.0,138.74331665039062
2018-06-18,144.52000427246094,143.13999938964844,144.17999267578125,144.47999572753906,4286400.0,137.8749237060547
2018-06-19,144.22000122070312,142.9499969482422,143.1199951171875,143.89999389648438,3487000.0,137.32144165039062
2018-06-20,144.52000427246094,142.41000366210938,144.22000122070312,142.6300048828125,3329900.0,136.10951232910156
2018-06-21,143.13999938964844,140.8300018310547,142.58999633789062,141.25,3887700.0,134.79258728027344
2018-06-22,141.80999755859375,140.77999877929688,141.63999938964844,141.27999877929688,5611300.0,134.82122802734375
2018-06-25,140.39999389648438,138.27999877929688,140.39999389648438,138.7899932861328,8937100.0,132.44505310058594
2018-06-26,139.85000610351562,138.3300018310547,139.36000061035156,139.0800018310547,4139500.0,132.72178649902344
2018-06-27,139.77999877929688,137.4499969482422,139.11000061035156,137.47999572753906,4101800.0,131.1949462890625
2018-06-28,140.5399932861328,137.9499969482422,138.10000610351562,140.0399932861328,4523700.0,133.6378936767578
2018-06-29,141.36000061035156,139.61000061035156,140.32000732421875,139.6999969482422,3710100.0,133.31346130371094
2018-07-02,140.22000122070312,138.1999969482422,138.27999877929688,139.86000061035156,3405400.0,133.4661407470703
2018-07-03,140.94000244140625,139.3699951171875,140.64999389648438,139.57000732421875,1963200.0,133.18939208984375
2018-07-05,141.42999267578125,139.92999267578125,140.47999572753906,141.42999267578125,3744700.0,134.96437072753906
2018-07-06,142.94000244140625,141.1699981689453,141.52999877929688,142.47999572753906,2849000.0,135.96636962890625
2018-07-09,144.72000122070312,142.47000122070312,142.58999633789062,144.38999938964844,3904700.0,137.78904724121094
2018-07-10,145.58999633789062,144.25999450683594,144.50999450683594,144.7100067138672,3777000.0,138.09442138671875
2018-07-11,146.19000244140625,144.0,144.0,144.94000244140625,3526600.0,138.31390380859375
2018-07-12,146.8300018310547,145.74000549316406,145.85000610351562,146.4499969482422,3119500.0,139.75486755371094
2018-07-13,146.97999572753906,145.8000030517578,146.4499969482422,145.89999389648438,3062600.0,139.23001098632812
2018-07-16,145.7899932861328,144.2100067138672,145.6699981689453,145.4600067138672,3468800.0,138.8101348876953
2018-07-17,145.0,143.33999633789062,144.75,143.49000549316406,5096700.0,136.93017578125
2018-07-18,144.8000030517578,142.74000549316406,143.50999450683594,144.52000427246094,6935300.0,137.91310119628906
2018-07-19,150.5399932861328,147.25,147.85000610351562,149.24000549316406,14655800.0,142.41732788085938
2018-07-20,148.86000061035156,146.25999450683594,148.5800018310547,146.35000610351562,6414600.0,139.65945434570312
2018-07-23,146.6999969482422,145.00999450683594,146.35000610351562,145.6999969482422,3897900.0,139.03915405273438
2018-07-24,147.0399932861328,145.9199981689453,146.6999969482422,146.3800048828125,3891600.0,139.6880645751953
2018-07-25,146.64999389648438,145.5,146.00999450683594,146.6199951171875,3630900.0,139.91708374023438
2018-07-26,149.27000427246094,146.6300048828125,147.42999267578125,146.7100067138672,4778000.0,140.00299072265625
2018-07-27,147.13999938964844,144.66000366210938,146.88999938964844,145.14999389648438,3749300.0,138.51429748535156
2018-07-30,146.24000549316406,144.69000244140625,144.8000030517578,145.49000549316406,3608200.0,138.83877563476562
2018-07-31,145.8000030517578,144.16000366210938,145.74000549316406,144.92999267578125,5474200.0,138.3043670654297
2018-08-01,145.19000244140625,143.33999633789062,144.75999450683594,143.5,3388400.0,136.9397430419922
2018-08-02,143.36000061035156,142.3300018310547,142.86000061035156,142.9600067138672,3841400.0,136.42442321777344
2018-08-03,147.9199981689453,143.0,143.24000549316406,147.6999969482422,8053600.0,140.94773864746094
2018-08-06,147.1999969482422,145.57000732421875,146.9499969482422,146.02999877929688,3913700.0,139.35406494140625
2018-08-07,147.63999938964844,146.35000610351562,146.64999389648438,147.00999450683594,3508800.0,140.28927612304688
2018-08-08,147.42999267578125,146.24000549316406,147.3300018310547,146.88999938964844,3581100.0,140.1747589111328
2018-08-09,145.94000244140625,144.72999572753906,145.52999877929688,144.77000427246094,3093500.0,139.6442413330078
2018-08-10,145.07000732421875,143.8800048828125,144.5,144.47999572753906,3003100.0,139.36448669433594
2018-08-13,144.3000030517578,142.52999877929688,144.14999389648438,142.7100067138672,2858500.0,137.65716552734375
2018-08-14,143.82000732421875,142.92999267578125,143.0,143.36000061035156,2860000.0,138.28414916992188
2018-08-15,144.0,142.0,142.5500030517578,143.91000366210938,4241500.0,138.81466674804688
2018-08-16,145.67999267578125,144.3699951171875,144.3699951171875,145.33999633789062,5250700.0,140.1940460205078
2018-08-17,146.38999938964844,144.69000244140625,144.7899932861328,146.05999755859375,2678600.0,140.88856506347656
2018-08-20,147.16000366210938,146.14999389648438,146.3699951171875,146.50999450683594,2499700.0,141.32261657714844
2018-08-21,147.1199951171875,145.88999938964844,147.0,145.97000122070312,3106900.0,140.80174255371094
2018-08-22,146.16000366210938,145.19000244140625,146.00999450683594,145.24000549316406,2389000.0,140.0976104736328
2018-08-23,145.52000427246094,144.75,145.0399932861328,145.3699951171875,2220400.0,140.2229766845703
2018-08-24,146.08999633789062,144.8699951171875,145.4600067138672,146.0399932861328,2776600.0,140.8692626953125
2018-08-27,147.6199951171875,146.52000427246094,146.94000244140625,146.69000244140625,3491600.0,141.49624633789062
2018-08-28,146.99000549316406,146.19000244140625,146.9499969482422,146.58999633789062,2455300.0,141.39979553222656
2018-08-29,147.92999267578125,146.60000610351562,146.8699951171875,147.5399932861328,3153800.0,142.31614685058594
2018-08-30,147.3000030517578,145.25,147.02999877929688,145.92999267578125,3340400.0,140.76315307617188
2018-08-31,146.77999877929688,145.5399932861328,145.72000122070312,146.47999572753906,3488500.0,141.29367065429688
2018-09-04,146.19000244140625,144.80999755859375,145.97999572753906,145.67999267578125,3326200.0,140.52198791503906
2018-09-05,146.75,145.0500030517578,145.19000244140625,146.66000366210938,3126500.0,141.46731567382812
2018-09-06,147.66000366210938,145.5399932861328,146.8800048828125,146.38999938964844,4248800.0,141.20687866210938
2018-09-07,146.5,145.1199951171875,145.94000244140625,145.4499969482422,4693100.0,140.30015563964844
2018-09-10,147.3000030517578,145.55999755859375,146.60000610351562,145.64999389648438,3618300.0,140.49307250976562
2018-09-11,146.99000549316406,145.25,146.0,146.49000549316406,3374700.0,141.30332946777344
2018-09-12,147.97999572753906,146.02999877929688,146.3699951171875,146.57000732421875,4506700.0,141.38050842285156
2018-09-13,149.0,147.1199951171875,147.35000610351562,148.9499969482422,5346500.0,143.6762237548828
2018-09-14,149.3000030517578,147.77999877929688,148.85000610351562,148.3300018310547,3452100.0,143.0781707763672
2018-09-17,149.07000732421875,147.77000427246094,148.44000244140625,147.94000244140625,3551900.0,142.70199584960938
2018-09-18,148.99000549316406,147.47000122070312,147.75999450683594,148.55999755859375,3629400.0,143.300048828125
2018-09-19,149.9600067138672,148.22999572753906,148.6300048828125,149.05999755859375,4246200.0,143.78233337402344
2018-09-20,151.3800048828125,149.44000244140625,149.5800018310547,151.14999389648438,5952200.0,145.79833984375
2018-09-21,152.60000610351562,150.74000549316406,151.47999572753906,151.35000610351562,19947500.0,145.99127197265625
2018-09-24,151.1999969482422,149.4600067138672,151.10000610351562,150.02999877929688,4265000.0,144.71798706054688
2018-09-25,150.41000366210938,148.36000061035156,149.91000366210938,148.91000366210938,4397500.0,143.63766479492188
2018-09-26,153.35000610351562,151.33999633789062,152.39999389648438,151.61000061035156,7401900.0,146.24205017089844
2018-09-27,152.38999938964844,151.16000366210938,152.00999450683594,151.5,3477600.0,146.13595581054688
2018-09-28,151.6300048828125,150.7899932861328,151.16000366210938,151.2100067138672,3305800.0,145.85623168945312
2018-10-01,153.4199981689453,151.7100067138672,151.7100067138672,153.0,3757400.0,147.5828399658203
2018-10-02,153.83999633789062,152.5,152.99000549316406,153.75,3029900.0,148.3062744140625
2018-10-03,154.36000061035156,152.8000030517578,154.0,153.22000122070312,3315300.0,147.79502868652344
2018-10-04,152.8000030517578,150.36000061035156,151.69000244140625,151.30999755859375,4237900.0,145.95266723632812
2018-10-05,151.7899932861328,147.8699951171875,150.89999389648438,149.02999877929688,4602200.0,143.75340270996094
2018-10-08,149.07000732421875,147.17999267578125,148.5,148.38999938964844,3239300.0,143.13604736328125
2018-10-09,148.36000061035156,146.92999267578125,148.0800018310547,147.24000549316406,3642400.0,142.0267791748047
2018-10-10,147.69000244140625,142.5,147.5,142.69000244140625,5547700.0,137.6378631591797
2018-10-11,144.19000244140625,138.77999877929688,142.6199951171875,139.02000427246094,8710500.0,134.09780883789062
2018-10-12,141.5399932861328,139.0800018310547,141.1199951171875,140.85000610351562,6563400.0,135.86302185058594
2018-10-15,142.25999450683594,140.13999938964844,140.3800048828125,141.1300048828125,4965500.0,136.13311767578125
2018-10-16,145.4499969482422,141.5800018310547,142.92999267578125,145.1199951171875,8695500.0,139.98182678222656
2018-10-17,137.14999389648438,133.4199981689453,135.88999938964844,134.0500030517578,19464000.0,129.3037872314453
2018-10-18,133.39999389648438,130.0399932861328,132.72999572753906,130.5500030517578,10011700.0,125.92770385742188
2018-10-19,131.88999938964844,127.95999908447266,130.64999389648438,129.10000610351562,7791600.0,124.529052734375
2018-10-22,130.44000244140625,128.39999389648438,129.5800018310547,130.02000427246094,5719500.0,125.41647338867188
2018-10-23,131.89999389648438,128.41000366210938,129.02000427246094,131.2100067138672,6463600.0,126.56434631347656
2018-10-24,131.69000244140625,127.0,131.1699981689453,127.20999908447266,5710300.0,122.70596313476562
2018-10-25,127.79000091552734,125.13999938964844,127.25,126.44999694824219,10304300.0,121.97286987304688
2018-10-26,125.77999877929688,123.70999908447266,125.20999908447266,124.79000091552734,8767000.0,120.37164306640625
2018-10-29,123.94999694824219,118.30000305175781,119.33999633789062,119.63999938964844,20450400.0,115.40399169921875
2018-10-30,121.5,115.1500015258789,120.4800033569336,115.4000015258789,21458600.0,111.3141098022461
2018-10-31,116.5,114.08999633789062,116.48999786376953,115.43000030517578,21645000.0,111.34304809570312
2018-11-01,117.0,115.11000061035156,115.5,116.83000183105469,13626700.0,112.6934814453125
2018-11-02,117.75,114.54000091552734,117.51000213623047,115.66999816894531,10592700.0,111.57454681396484
2018-11-05,120.7699966430664,116.0,116.0999984741211,120.05999755859375,9144600.0,115.80911254882812
2018-11-06,123.80999755859375,120.30999755859375,120.69999694824219,123.12000274658203,9597400.0,118.76078033447266
2018-11-07,125.05999755859375,122.33000183105469,123.79000091552734,124.83999633789062,12382700.0,120.41986846923828
2018-11-08,124.4000015258789,122.62999725341797,122.66000366210938,123.37999725341797,10396400.0,120.52732849121094
2018-11-09,124.56999969482422,121.95999908447266,123.61000061035156,123.54000091552734,6961800.0,120.68363952636719
2018-11-12,123.56999969482422,120.6500015258789,123.5,120.9000015258789,5379100.0,118.10467529296875
2018-11-13,122.25,119.9000015258789,121.19000244140625,120.83999633789062,4084400.0,118.04605102539062
2018-11-14,121.93000030517578,119.7699966430664,121.11000061035156,120.19999694824219,4762300.0,117.42086029052734
2018-11-15,121.44000244140625,119.51000213623047,119.66000366210938,121.44000244140625,5207900.0,118.63219451904297
2018-11-16,121.8499984741211,120.54000091552734,120.88999938964844,121.56999969482422,4076300.0,118.7591781616211
2018-11-19,122.18000030517578,119.7699966430664,121.62999725341797,120.30999755859375,4131200.0,117.52831268310547
2018-11-20,119.48999786376953,116.69999694824219,118.48999786376953,117.19999694824219,6233800.0,114.49021911621094
2018-11-21,119.51000213623047,117.38999938964844,117.61000061035156,118.56999969482422,5335800.0,115.82854461669922
2018-11-23,118.33999633789062,116.91000366210938,118.08999633789062,117.19000244140625,2334700.0,114.48045349121094
2018-11-26,120.25,118.05999755859375,118.37000274658203,119.55999755859375,5011100.0,116.795654296875
2018-11-27,120.04000091552734,118.37000274658203,118.37999725341797,120.02999877929688,4903800.0,117.2547836303711
2018-11-28,123.08999633789062,120.22000122070312,121.01000213623047,123.0,5104500.0,120.15612030029297
2018-11-29,123.12000274658203,121.4000015258789,122.44000244140625,121.4800033569336,5200100.0,118.6712646484375
2018-11-30,124.69000244140625,121.4800033569336,121.66000366210938,124.2699966430664,7251600.0,121.3967514038086
2018-12-03,126.58999633789062,124.36000061035156,125.66999816894531,125.30999755859375,5846400.0,122.41271209716797
2018-12-04,124.91999816894531,121.33000183105469,124.48999786376953,121.5999984741211,6000700.0,118.78848266601562
2018-12-06,123.91000366210938,119.30000305175781,119.72000122070312,123.91000366210938,6938000.0,121.04508209228516
2018-12-07,124.05000305175781,118.87000274658203,123.9000015258789,119.33999633789062,7019600.0,116.58074188232422
2018-12-10,121.68000030517578,118.5199966430664,119.73999786376953,121.12999725341797,6549500.0,118.32935333251953
2018-12-11,123.80999755859375,120.0,123.25,120.88999938964844,5043100.0,118.09490203857422
2018-12-12,122.87999725341797,121.0,122.51000213623047,121.16000366210938,3560500.0,118.3586654663086
2018-12-13,121.79000091552734,120.16999816894531,121.26000213623047,120.7300033569336,3993600.0,117.93861389160156
2018-12-14,121.11000061035156,119.44000244140625,119.5,119.9000015258789,4554200.0,117.12779235839844
2018-12-17,119.77999877929688,115.06999969482422,119.06999969482422,116.0999984741211,7374500.0,113.41565704345703
2018-12-18,118.2300033569336,116.0199966430664,116.9000015258789,116.6500015258789,6290200.0,113.95294189453125
2018-12-19,120.2699966430664,115.97000122070312,117.1500015258789,116.43000030517578,6979800.0,113.73802947998047
2018-12-20,116.44999694824219,111.69999694824219,115.69999694824219,113.0199966430664,8454400.0,110.4068603515625
2018-12-21,115.27999877929688,110.44000244140625,112.5,110.94000244140625,10386500.0,108.37496185302734
2018-12-24,111.0,107.5,109.9000015258789,107.56999969482422,3821400.0,105.08287048339844
2018-12-26,111.38999938964844,105.94000244140625,108.0,111.38999938964844,6645800.0,108.8145523071289
2018-12-27,113.77999877929688,109.47000122070312,109.98999786376953,113.77999877929688,6045600.0,111.1492919921875
2018-12-28,114.80000305175781,112.5,114.22000122070312,113.02999877929688,5117500.0,110.41663360595703
2018-12-31,114.3499984741211,112.41999816894531,113.33000183105469,113.66999816894531,4982800.0,111.04183959960938
